year,tree,sp_elev,rw
1965,12,sylvestris_med,2.39
1965,23,sylvestris_med,0.805
1965,37,sylvestris_med,1.755
1965,42,sylvestris_med,1.67
1966,5,sylvestris_med,0.6699999999999999
1966,12,sylvestris_med,1.5750000000000002
1966,13,sylvestris_med,1.175
1966,15,sylvestris_med,0.96
1966,19,sylvestris_med,1.285
1966,20,sylvestris_med,1.73
1966,23,sylvestris_med,1.095
1966,32,sylvestris_med,0.675
1966,36,sylvestris_med,0.685
1966,37,sylvestris_med,2.06
1966,42,sylvestris_med,1.475
1967,2,sylvestris_med,0.71
1967,5,sylvestris_med,1.65
1967,7,sylvestris_med,2.16
1967,11,sylvestris_med,0.53
1967,12,sylvestris_med,1.275
1967,13,sylvestris_med,2.4
1967,15,sylvestris_med,1.3666666666666667
1967,17,sylvestris_med,0.935
1967,19,sylvestris_med,1.2650000000000001
1967,20,sylvestris_med,2.375
1967,23,sylvestris_med,1.8900000000000001
1967,26,sylvestris_med,1.025
1967,28,sylvestris_med,0.875
1967,29,sylvestris_med,0.75
1967,31,sylvestris_med,0.6699999999999999
1967,32,sylvestris_med,1.68
1967,36,sylvestris_med,1.3900000000000001
1967,37,sylvestris_med,2.445
1967,39,sylvestris_med,1.795
1967,42,sylvestris_med,3.94
1968,2,sylvestris_med,1.3066666666666666
1968,5,sylvestris_med,2.52
1968,7,sylvestris_med,1.9649999999999999
1968,9,sylvestris_med,1.2349999999999999
1968,11,sylvestris_med,1.28
1968,12,sylvestris_med,1.6749999999999998
1968,13,sylvestris_med,1.7850000000000001
1968,15,sylvestris_med,1.8666666666666667
1968,17,sylvestris_med,0.74
1968,19,sylvestris_med,1.78
1968,20,sylvestris_med,1.145
1968,23,sylvestris_med,2.665
1968,26,sylvestris_med,0.9750000000000001
1968,28,sylvestris_med,0.845
1968,29,sylvestris_med,1.41
1968,31,sylvestris_med,0.825
1968,32,sylvestris_med,2.55
1968,36,sylvestris_med,1.935
1968,37,sylvestris_med,1.9699999999999998
1968,39,sylvestris_med,3.005
1968,42,sylvestris_med,6.05
1969,1,sylvestris_med,1.42
1969,2,sylvestris_med,1.97
1969,3,sylvestris_med,0.875
1969,5,sylvestris_med,3.88
1969,7,sylvestris_med,2.895
1969,9,sylvestris_med,1.335
1969,10,sylvestris_med,1.5150000000000001
1969,11,sylvestris_med,1.9649999999999999
1969,12,sylvestris_med,2.2
1969,13,sylvestris_med,4.335
1969,15,sylvestris_med,1.83
1969,17,sylvestris_med,1.43
1969,19,sylvestris_med,2.5549999999999997
1969,20,sylvestris_med,1.975
1969,23,sylvestris_med,2.795
1969,26,sylvestris_med,2.2
1969,27,sylvestris_med,1.48
1969,28,sylvestris_med,2.105
1969,29,sylvestris_med,1.865
1969,31,sylvestris_med,1.6400000000000001
1969,32,sylvestris_med,2.775
1969,36,sylvestris_med,2.38
1969,37,sylvestris_med,3.395
1969,39,sylvestris_med,2.17
1969,42,sylvestris_med,4.95
1969,43,sylvestris_med,1.42
1970,1,sylvestris_med,3.15
1970,2,sylvestris_med,2.243333333333333
1970,3,sylvestris_med,1.28
1970,5,sylvestris_med,2.5
1970,7,sylvestris_med,3.93
1970,9,sylvestris_med,2.37
1970,10,sylvestris_med,1.52
1970,11,sylvestris_med,3.31
1970,12,sylvestris_med,3.6100000000000003
1970,13,sylvestris_med,2.59
1970,15,sylvestris_med,2.586666666666667
1970,17,sylvestris_med,1.3900000000000001
1970,19,sylvestris_med,3.415
1970,20,sylvestris_med,0.81
1970,23,sylvestris_med,3.945
1970,26,sylvestris_med,3.325
1970,27,sylvestris_med,1.335
1970,28,sylvestris_med,3.5949999999999998
1970,29,sylvestris_med,2.6950000000000003
1970,31,sylvestris_med,2.33
1970,32,sylvestris_med,3.675
1970,36,sylvestris_med,1.56
1970,37,sylvestris_med,4.265
1970,38,sylvestris_med,3.33
1970,39,sylvestris_med,3.035
1970,42,sylvestris_med,4.975
1970,43,sylvestris_med,3.15
1971,1,sylvestris_med,0.74
1971,2,sylvestris_med,3.5633333333333335
1971,3,sylvestris_med,2.545
1971,5,sylvestris_med,3.83
1971,7,sylvestris_med,3.6999999999999997
1971,9,sylvestris_med,1.69
1971,10,sylvestris_med,1.9049999999999998
1971,11,sylvestris_med,2.34
1971,12,sylvestris_med,4.67
1971,13,sylvestris_med,4.92
1971,15,sylvestris_med,1.3866666666666667
1971,17,sylvestris_med,2.065
1971,19,sylvestris_med,4.245
1971,20,sylvestris_med,2.04
1971,23,sylvestris_med,4.25
1971,26,sylvestris_med,3.5100000000000002
1971,27,sylvestris_med,1.9
1971,28,sylvestris_med,6.82
1971,29,sylvestris_med,3.87
1971,31,sylvestris_med,2.67
1971,32,sylvestris_med,4.46
1971,33,sylvestris_med,0.53
1971,36,sylvestris_med,1.9300000000000002
1971,37,sylvestris_med,5.005
1971,38,sylvestris_med,1.62
1971,39,sylvestris_med,3.1950000000000003
1971,41,sylvestris_med,2.07
1971,42,sylvestris_med,6.5
1971,43,sylvestris_med,1.4
1972,1,sylvestris_med,4.87
1972,2,sylvestris_med,1.6733333333333333
1972,3,sylvestris_med,2.275
1972,5,sylvestris_med,4.08
1972,7,sylvestris_med,4.96
1972,9,sylvestris_med,2.1550000000000002
1972,10,sylvestris_med,6.12
1972,11,sylvestris_med,4.41
1972,12,sylvestris_med,5.035
1972,13,sylvestris_med,4.755
1972,14,sylvestris_med,6.645
1972,15,sylvestris_med,2.9
1972,17,sylvestris_med,3.215
1972,19,sylvestris_med,3.91
1972,20,sylvestris_med,2.92
1972,23,sylvestris_med,3.7199999999999998
1972,26,sylvestris_med,4.484999999999999
1972,27,sylvestris_med,2.98
1972,28,sylvestris_med,5.19
1972,29,sylvestris_med,3.4299999999999997
1972,31,sylvestris_med,2.815
1972,32,sylvestris_med,4.265000000000001
1972,33,sylvestris_med,0.8200000000000001
1972,36,sylvestris_med,2.535
1972,37,sylvestris_med,4.220000000000001
1972,38,sylvestris_med,3.35
1972,39,sylvestris_med,2.515
1972,41,sylvestris_med,2.08
1972,42,sylvestris_med,5.325
1972,43,sylvestris_med,4.85
1973,1,sylvestris_med,6.805
1973,2,sylvestris_med,1.6033333333333333
1973,3,sylvestris_med,2.21
1973,5,sylvestris_med,3.295
1973,7,sylvestris_med,5.0600000000000005
1973,8,sylvestris_med,5.03
1973,9,sylvestris_med,3.605
1973,10,sylvestris_med,3.3049999999999997
1973,11,sylvestris_med,4.59
1973,12,sylvestris_med,4.539999999999999
1973,13,sylvestris_med,3.42
1973,14,sylvestris_med,5.995
1973,15,sylvestris_med,4.516666666666667
1973,16,sylvestris_med,3.38
1973,17,sylvestris_med,2.31
1973,19,sylvestris_med,3.925
1973,20,sylvestris_med,2.3899999999999997
1973,21,sylvestris_med,4.545
1973,23,sylvestris_med,4.305
1973,24,sylvestris_med,2.46
1973,26,sylvestris_med,5.26
1973,27,sylvestris_med,2.67
1973,28,sylvestris_med,5.645
1973,29,sylvestris_med,3.5149999999999997
1973,31,sylvestris_med,2.91
1973,32,sylvestris_med,5.24
1973,33,sylvestris_med,1.225
1973,35,sylvestris_med,7.11
1973,36,sylvestris_med,2.1
1973,37,sylvestris_med,4.79
1973,38,sylvestris_med,3.83
1973,39,sylvestris_med,2.675
1973,40,sylvestris_med,4.37
1973,41,sylvestris_med,0.815
1973,42,sylvestris_med,6.275
1973,43,sylvestris_med,5.12
1974,1,sylvestris_med,6.9399999999999995
1974,2,sylvestris_med,2.683333333333333
1974,3,sylvestris_med,2.2199999999999998
1974,5,sylvestris_med,2.55
1974,6,sylvestris_med,2.85
1974,7,sylvestris_med,4.075
1974,8,sylvestris_med,5.279999999999999
1974,9,sylvestris_med,2.605
1974,10,sylvestris_med,3.3600000000000003
1974,11,sylvestris_med,4.109999999999999
1974,12,sylvestris_med,4.515000000000001
1974,13,sylvestris_med,3.54
1974,14,sylvestris_med,5.955
1974,15,sylvestris_med,2.66
1974,16,sylvestris_med,3.1950000000000003
1974,17,sylvestris_med,2.2199999999999998
1974,19,sylvestris_med,3.3449999999999998
1974,20,sylvestris_med,1.565
1974,21,sylvestris_med,4.475
1974,22,sylvestris_med,6.17
1974,23,sylvestris_med,2.835
1974,24,sylvestris_med,2.74
1974,25,sylvestris_med,1.37
1974,26,sylvestris_med,4.79
1974,27,sylvestris_med,3.33
1974,28,sylvestris_med,4.285
1974,29,sylvestris_med,2.885
1974,31,sylvestris_med,2.685
1974,32,sylvestris_med,5.39
1974,33,sylvestris_med,1.6949999999999998
1974,34,sylvestris_med,3.34
1974,35,sylvestris_med,5.5600000000000005
1974,36,sylvestris_med,1.5
1974,37,sylvestris_med,3.655
1974,38,sylvestris_med,3.98
1974,39,sylvestris_med,2.495
1974,40,sylvestris_med,3.51
1974,41,sylvestris_med,4.035
1974,42,sylvestris_med,6.484999999999999
1974,43,sylvestris_med,5.25
1975,1,sylvestris_med,5.49
1975,2,sylvestris_med,2.526666666666667
1975,3,sylvestris_med,1.545
1975,5,sylvestris_med,2.585
1975,6,sylvestris_med,2.19
1975,7,sylvestris_med,4.025
1975,8,sylvestris_med,4.995
1975,9,sylvestris_med,1.67
1975,10,sylvestris_med,2.495
1975,11,sylvestris_med,3.9749999999999996
1975,12,sylvestris_med,3.8
1975,13,sylvestris_med,2.685
1975,14,sylvestris_med,5.44
1975,15,sylvestris_med,2.5366666666666666
1975,16,sylvestris_med,2.9450000000000003
1975,17,sylvestris_med,3.035
1975,19,sylvestris_med,2.7350000000000003
1975,20,sylvestris_med,1.805
1975,21,sylvestris_med,4.195
1975,22,sylvestris_med,5.86
1975,23,sylvestris_med,2.66
1975,24,sylvestris_med,3.9349999999999996
1975,25,sylvestris_med,1.135
1975,26,sylvestris_med,3.35
1975,27,sylvestris_med,2.6550000000000002
1975,28,sylvestris_med,3.74
1975,29,sylvestris_med,3.13
1975,31,sylvestris_med,2.8
1975,32,sylvestris_med,3.69
1975,33,sylvestris_med,1.75
1975,34,sylvestris_med,3.42
1975,35,sylvestris_med,4.75
1975,36,sylvestris_med,1.625
1975,37,sylvestris_med,3.265
1975,38,sylvestris_med,3.02
1975,39,sylvestris_med,2.025
1975,40,sylvestris_med,2.29
1975,41,sylvestris_med,4.21
1975,42,sylvestris_med,4.43
1975,43,sylvestris_med,4.52
1976,1,sylvestris_med,5.285
1976,2,sylvestris_med,3.68
1976,3,sylvestris_med,2.22
1976,5,sylvestris_med,3.275
1976,6,sylvestris_med,4.07
1976,7,sylvestris_med,7.475
1976,8,sylvestris_med,5.210000000000001
1976,9,sylvestris_med,2.25
1976,10,sylvestris_med,3.44
1976,11,sylvestris_med,4.005
1976,12,sylvestris_med,2.605
1976,13,sylvestris_med,3.88
1976,14,sylvestris_med,3.885
1976,15,sylvestris_med,2.5733333333333333
1976,16,sylvestris_med,3.575
1976,17,sylvestris_med,3.415
1976,19,sylvestris_med,4.195
1976,20,sylvestris_med,3.38
1976,21,sylvestris_med,2.81
1976,22,sylvestris_med,5.07
1976,23,sylvestris_med,4.975
1976,24,sylvestris_med,4.33
1976,25,sylvestris_med,1.525
1976,26,sylvestris_med,5.355
1976,27,sylvestris_med,3.135
1976,28,sylvestris_med,5.745
1976,29,sylvestris_med,2.9400000000000004
1976,30,sylvestris_med,4.115
1976,31,sylvestris_med,4.365
1976,32,sylvestris_med,4.175
1976,33,sylvestris_med,2.21
1976,34,sylvestris_med,6.04
1976,35,sylvestris_med,6.369999999999999
1976,36,sylvestris_med,2.66
1976,37,sylvestris_med,4.245
1976,38,sylvestris_med,3.52
1976,39,sylvestris_med,2.07
1976,40,sylvestris_med,3.81
1976,41,sylvestris_med,3.88
1976,42,sylvestris_med,3.675
1976,43,sylvestris_med,4.225
1977,1,sylvestris_med,6.904999999999999
1977,2,sylvestris_med,2.6633333333333336
1977,3,sylvestris_med,3.495
1977,5,sylvestris_med,3.71
1977,6,sylvestris_med,5.425
1977,7,sylvestris_med,7.18
1977,8,sylvestris_med,6.215
1977,9,sylvestris_med,3.695
1977,10,sylvestris_med,5.140000000000001
1977,11,sylvestris_med,6.2
1977,12,sylvestris_med,3.51
1977,13,sylvestris_med,5.01
1977,14,sylvestris_med,5.555
1977,15,sylvestris_med,3.6966666666666668
1977,16,sylvestris_med,5.115
1977,17,sylvestris_med,4.220000000000001
1977,19,sylvestris_med,4.52
1977,20,sylvestris_med,4.08
1977,21,sylvestris_med,3.27
1977,22,sylvestris_med,5.62
1977,23,sylvestris_med,6.17
1977,24,sylvestris_med,6.09
1977,25,sylvestris_med,2.08
1977,26,sylvestris_med,4.645
1977,27,sylvestris_med,3.285
1977,28,sylvestris_med,6.26
1977,29,sylvestris_med,3.83
1977,30,sylvestris_med,5.745
1977,31,sylvestris_med,5.5600000000000005
1977,32,sylvestris_med,4.88
1977,33,sylvestris_med,3.0599999999999996
1977,34,sylvestris_med,6.53
1977,35,sylvestris_med,7.275
1977,36,sylvestris_med,3.4699999999999998
1977,37,sylvestris_med,4.51
1977,38,sylvestris_med,5.19
1977,39,sylvestris_med,3.075
1977,40,sylvestris_med,2.84
1977,41,sylvestris_med,5.415
1977,42,sylvestris_med,4.744999999999999
1977,43,sylvestris_med,5.39
1978,1,sylvestris_med,6.34
1978,2,sylvestris_med,3.15
1978,3,sylvestris_med,2.87
1978,4,sylvestris_med,4.92
1978,5,sylvestris_med,3.2199999999999998
1978,6,sylvestris_med,5.025
1978,7,sylvestris_med,7.15
1978,8,sylvestris_med,5.88
1978,9,sylvestris_med,3.2
1978,10,sylvestris_med,3.625
1978,11,sylvestris_med,4.355
1978,12,sylvestris_med,4.575
1978,13,sylvestris_med,5.54
1978,14,sylvestris_med,6.295
1978,15,sylvestris_med,3.49
1978,16,sylvestris_med,4.405
1978,17,sylvestris_med,4.29
1978,18,sylvestris_med,5.39
1978,19,sylvestris_med,4.295
1978,20,sylvestris_med,3.9699999999999998
1978,21,sylvestris_med,3.68
1978,22,sylvestris_med,7.1850000000000005
1978,23,sylvestris_med,4.2299999999999995
1978,24,sylvestris_med,5.73
1978,25,sylvestris_med,2.71
1978,26,sylvestris_med,4.095
1978,27,sylvestris_med,3.0949999999999998
1978,28,sylvestris_med,6.03
1978,29,sylvestris_med,4.26
1978,30,sylvestris_med,5.18
1978,31,sylvestris_med,4.795
1978,32,sylvestris_med,5.26
1978,33,sylvestris_med,3.42
1978,34,sylvestris_med,4.5
1978,35,sylvestris_med,6.609999999999999
1978,36,sylvestris_med,3.2199999999999998
1978,37,sylvestris_med,5.25
1978,38,sylvestris_med,5.76
1978,39,sylvestris_med,3.08
1978,40,sylvestris_med,4.0600000000000005
1978,41,sylvestris_med,3.875
1978,42,sylvestris_med,5.71
1978,43,sylvestris_med,4.73
1979,1,sylvestris_med,6.029999999999999
1979,2,sylvestris_med,2.54
1979,3,sylvestris_med,2.42
1979,4,sylvestris_med,6.61
1979,5,sylvestris_med,3.12
1979,6,sylvestris_med,4.51
1979,7,sylvestris_med,5.6
1979,8,sylvestris_med,6.775
1979,9,sylvestris_med,2.545
1979,10,sylvestris_med,3.0949999999999998
1979,11,sylvestris_med,3.46
1979,12,sylvestris_med,4.1850000000000005
1979,13,sylvestris_med,4.525
1979,14,sylvestris_med,4.7
1979,15,sylvestris_med,3.3133333333333335
1979,16,sylvestris_med,4.2
1979,17,sylvestris_med,4.03
1979,18,sylvestris_med,6.605
1979,19,sylvestris_med,4.21
1979,20,sylvestris_med,2.3449999999999998
1979,21,sylvestris_med,3.59
1979,22,sylvestris_med,5.76
1979,23,sylvestris_med,4.405
1979,24,sylvestris_med,4.575
1979,25,sylvestris_med,2.58
1979,26,sylvestris_med,3.79
1979,27,sylvestris_med,2.7649999999999997
1979,28,sylvestris_med,4.485
1979,29,sylvestris_med,2.9
1979,30,sylvestris_med,4.465
1979,31,sylvestris_med,3.155
1979,32,sylvestris_med,4.445
1979,33,sylvestris_med,3.705
1979,34,sylvestris_med,5.845000000000001
1979,35,sylvestris_med,5.105
1979,36,sylvestris_med,2.965
1979,37,sylvestris_med,5.425000000000001
1979,38,sylvestris_med,5.9350000000000005
1979,39,sylvestris_med,3.06
1979,40,sylvestris_med,3.035
1979,41,sylvestris_med,4.88
1979,42,sylvestris_med,5.985
1979,43,sylvestris_med,4.92
1980,1,sylvestris_med,4.535
1980,2,sylvestris_med,2.2666666666666666
1980,3,sylvestris_med,2.515
1980,4,sylvestris_med,3.83
1980,5,sylvestris_med,2.2350000000000003
1980,6,sylvestris_med,3.0549999999999997
1980,7,sylvestris_med,5.039999999999999
1980,8,sylvestris_med,5.16
1980,9,sylvestris_med,2.435
1980,10,sylvestris_med,2.775
1980,11,sylvestris_med,2.625
1980,12,sylvestris_med,3.495
1980,13,sylvestris_med,3.04
1980,14,sylvestris_med,3.9350000000000005
1980,15,sylvestris_med,2.7866666666666666
1980,16,sylvestris_med,3.185
1980,17,sylvestris_med,4.085
1980,18,sylvestris_med,4.75
1980,19,sylvestris_med,3.5949999999999998
1980,20,sylvestris_med,2.1100000000000003
1980,21,sylvestris_med,2.4699999999999998
1980,22,sylvestris_med,4.505
1980,23,sylvestris_med,3.6100000000000003
1980,24,sylvestris_med,4.33
1980,25,sylvestris_med,1.73
1980,26,sylvestris_med,3.6900000000000004
1980,27,sylvestris_med,3.5549999999999997
1980,28,sylvestris_med,4.71
1980,29,sylvestris_med,2.705
1980,30,sylvestris_med,3.9450000000000003
1980,31,sylvestris_med,3.1
1980,32,sylvestris_med,3.9650000000000003
1980,33,sylvestris_med,2.8
1980,34,sylvestris_med,4.355
1980,35,sylvestris_med,4.195
1980,36,sylvestris_med,2.635
1980,37,sylvestris_med,4.71
1980,38,sylvestris_med,5.050000000000001
1980,39,sylvestris_med,2.435
1980,40,sylvestris_med,3.4299999999999997
1980,41,sylvestris_med,3.66
1980,42,sylvestris_med,4.105
1980,43,sylvestris_med,3.96
1981,1,sylvestris_med,4.925000000000001
1981,2,sylvestris_med,1.8366666666666667
1981,3,sylvestris_med,2.56
1981,4,sylvestris_med,3.48
1981,5,sylvestris_med,1.935
1981,6,sylvestris_med,3.7750000000000004
1981,7,sylvestris_med,2.88
1981,8,sylvestris_med,4.76
1981,9,sylvestris_med,2.465
1981,10,sylvestris_med,2.545
1981,11,sylvestris_med,2.04
1981,12,sylvestris_med,2.5949999999999998
1981,13,sylvestris_med,1.345
1981,14,sylvestris_med,3.75
1981,15,sylvestris_med,2.3266666666666667
1981,16,sylvestris_med,2.875
1981,17,sylvestris_med,3.96
1981,18,sylvestris_med,4.0600000000000005
1981,19,sylvestris_med,2.4050000000000002
1981,20,sylvestris_med,1.625
1981,21,sylvestris_med,2.065
1981,22,sylvestris_med,4.075
1981,23,sylvestris_med,2.12
1981,24,sylvestris_med,4.055
1981,25,sylvestris_med,1.855
1981,26,sylvestris_med,2.62
1981,27,sylvestris_med,2.66
1981,28,sylvestris_med,3.96
1981,29,sylvestris_med,1.8
1981,30,sylvestris_med,2.51
1981,31,sylvestris_med,2.38
1981,32,sylvestris_med,3.705
1981,33,sylvestris_med,3.0549999999999997
1981,34,sylvestris_med,3.23
1981,35,sylvestris_med,2.92
1981,36,sylvestris_med,2.065
1981,37,sylvestris_med,3.21
1981,38,sylvestris_med,4.02
1981,39,sylvestris_med,1.835
1981,40,sylvestris_med,2.055
1981,41,sylvestris_med,3.54
1981,42,sylvestris_med,4.475
1981,43,sylvestris_med,4.245
1982,1,sylvestris_med,3.0700000000000003
1982,2,sylvestris_med,1.9566666666666668
1982,3,sylvestris_med,1.84
1982,4,sylvestris_med,2.585
1982,5,sylvestris_med,1.855
1982,6,sylvestris_med,2.5549999999999997
1982,7,sylvestris_med,4.2
1982,8,sylvestris_med,3.145
1982,9,sylvestris_med,1.645
1982,10,sylvestris_med,1.055
1982,11,sylvestris_med,1.6300000000000001
1982,12,sylvestris_med,1.565
1982,13,sylvestris_med,1.725
1982,14,sylvestris_med,2.255
1982,15,sylvestris_med,1.7233333333333334
1982,16,sylvestris_med,2.005
1982,17,sylvestris_med,2.745
1982,18,sylvestris_med,2.38
1982,19,sylvestris_med,2.5149999999999997
1982,20,sylvestris_med,1.835
1982,21,sylvestris_med,1.3599999999999999
1982,22,sylvestris_med,2.41
1982,23,sylvestris_med,2.58
1982,24,sylvestris_med,2.435
1982,25,sylvestris_med,1.375
1982,26,sylvestris_med,3.505
1982,27,sylvestris_med,2.98
1982,28,sylvestris_med,3.785
1982,29,sylvestris_med,1.28
1982,30,sylvestris_med,3.7800000000000002
1982,31,sylvestris_med,2.27
1982,32,sylvestris_med,3.3
1982,33,sylvestris_med,1.71
1982,34,sylvestris_med,4.875
1982,35,sylvestris_med,3.615
1982,36,sylvestris_med,1.87
1982,37,sylvestris_med,3.5549999999999997
1982,38,sylvestris_med,2.99
1982,39,sylvestris_med,1.585
1982,40,sylvestris_med,2.255
1982,41,sylvestris_med,2.3200000000000003
1982,42,sylvestris_med,2.925
1982,43,sylvestris_med,2.91
1983,1,sylvestris_med,4.08
1983,2,sylvestris_med,1.2466666666666666
1983,3,sylvestris_med,1.92
1983,4,sylvestris_med,3.225
1983,5,sylvestris_med,1.9900000000000002
1983,6,sylvestris_med,2.995
1983,7,sylvestris_med,3.99
1983,8,sylvestris_med,4.470000000000001
1983,9,sylvestris_med,1.6
1983,10,sylvestris_med,0.96
1983,11,sylvestris_med,2.245
1983,12,sylvestris_med,1.915
1983,13,sylvestris_med,0.9650000000000001
1983,14,sylvestris_med,2.86
1983,15,sylvestris_med,2.3766666666666665
1983,16,sylvestris_med,2.585
1983,17,sylvestris_med,3.965
1983,18,sylvestris_med,3.6849999999999996
1983,19,sylvestris_med,1.795
1983,20,sylvestris_med,1.6349999999999998
1983,21,sylvestris_med,1.525
1983,22,sylvestris_med,3.665
1983,23,sylvestris_med,2.5
1983,24,sylvestris_med,3.285
1983,25,sylvestris_med,1.7850000000000001
1983,26,sylvestris_med,2.2199999999999998
1983,27,sylvestris_med,2.435
1983,28,sylvestris_med,3.615
1983,29,sylvestris_med,1.6549999999999998
1983,30,sylvestris_med,2.525
1983,31,sylvestris_med,3.1100000000000003
1983,32,sylvestris_med,4.03
1983,33,sylvestris_med,2.035
1983,34,sylvestris_med,3.5300000000000002
1983,35,sylvestris_med,3.63
1983,36,sylvestris_med,1.5
1983,37,sylvestris_med,2.9000000000000004
1983,38,sylvestris_med,4.065
1983,39,sylvestris_med,1.225
1983,40,sylvestris_med,1.7
1983,41,sylvestris_med,2.29
1983,42,sylvestris_med,3.5549999999999997
1983,43,sylvestris_med,3.205
1984,1,sylvestris_med,3.17
1984,2,sylvestris_med,1.9933333333333334
1984,3,sylvestris_med,1.505
1984,4,sylvestris_med,2.885
1984,5,sylvestris_med,2.35
1984,6,sylvestris_med,2.1
1984,7,sylvestris_med,4.635
1984,8,sylvestris_med,3.615
1984,9,sylvestris_med,1.63
1984,10,sylvestris_med,1.07
1984,11,sylvestris_med,1.2750000000000001
1984,12,sylvestris_med,1.38
1984,13,sylvestris_med,1.2799999999999998
1984,14,sylvestris_med,2.08
1984,15,sylvestris_med,1.6566666666666667
1984,16,sylvestris_med,1.8399999999999999
1984,17,sylvestris_med,3.36
1984,18,sylvestris_med,3.0949999999999998
1984,19,sylvestris_med,2.19
1984,20,sylvestris_med,2.08
1984,21,sylvestris_med,1.255
1984,22,sylvestris_med,2.73
1984,23,sylvestris_med,2.83
1984,24,sylvestris_med,2.495
1984,25,sylvestris_med,1.71
1984,26,sylvestris_med,3.215
1984,27,sylvestris_med,3.21
1984,28,sylvestris_med,4.994999999999999
1984,29,sylvestris_med,1.5
1984,30,sylvestris_med,2.97
1984,31,sylvestris_med,3.54
1984,32,sylvestris_med,3.31
1984,33,sylvestris_med,1.725
1984,34,sylvestris_med,4.095000000000001
1984,35,sylvestris_med,3.6950000000000003
1984,36,sylvestris_med,2.0549999999999997
1984,37,sylvestris_med,4.145
1984,38,sylvestris_med,3.09
1984,39,sylvestris_med,1.0699999999999998
1984,40,sylvestris_med,2.13
1984,41,sylvestris_med,1.8199999999999998
1984,42,sylvestris_med,2.375
1984,43,sylvestris_med,2.75
1985,1,sylvestris_med,3.375
1985,2,sylvestris_med,1.9300000000000002
1985,3,sylvestris_med,2.425
1985,4,sylvestris_med,4.26
1985,5,sylvestris_med,2.5700000000000003
1985,6,sylvestris_med,2.99
1985,7,sylvestris_med,4.835
1985,8,sylvestris_med,3.89
1985,9,sylvestris_med,1.84
1985,10,sylvestris_med,1.185
1985,11,sylvestris_med,1.405
1985,12,sylvestris_med,1.645
1985,13,sylvestris_med,1.01
1985,14,sylvestris_med,2.335
1985,15,sylvestris_med,2.183333333333333
1985,16,sylvestris_med,1.99
1985,17,sylvestris_med,4.535
1985,18,sylvestris_med,3.49
1985,19,sylvestris_med,2.34
1985,20,sylvestris_med,2.105
1985,21,sylvestris_med,1.7000000000000002
1985,22,sylvestris_med,3.7800000000000002
1985,23,sylvestris_med,2.875
1985,24,sylvestris_med,2.62
1985,25,sylvestris_med,1.28
1985,26,sylvestris_med,3.115
1985,27,sylvestris_med,3.125
1985,28,sylvestris_med,3.715
1985,29,sylvestris_med,2.375
1985,30,sylvestris_med,3.33
1985,31,sylvestris_med,3.84
1985,32,sylvestris_med,4.9399999999999995
1985,33,sylvestris_med,1.83
1985,34,sylvestris_med,3.745
1985,35,sylvestris_med,3.6849999999999996
1985,36,sylvestris_med,2.205
1985,37,sylvestris_med,3.95
1985,38,sylvestris_med,3.0999999999999996
1985,39,sylvestris_med,1.555
1985,40,sylvestris_med,1.42
1985,41,sylvestris_med,2.52
1985,42,sylvestris_med,4.18
1985,43,sylvestris_med,3.545
1986,1,sylvestris_med,3.355
1986,2,sylvestris_med,1.2466666666666668
1986,3,sylvestris_med,1.69
1986,4,sylvestris_med,3.4850000000000003
1986,5,sylvestris_med,1.55
1986,6,sylvestris_med,2.355
1986,7,sylvestris_med,2.84
1986,8,sylvestris_med,2.815
1986,9,sylvestris_med,1.4649999999999999
1986,10,sylvestris_med,0.92
1986,11,sylvestris_med,1.305
1986,12,sylvestris_med,1.42
1986,13,sylvestris_med,0.6799999999999999
1986,14,sylvestris_med,1.7149999999999999
1986,15,sylvestris_med,1.8533333333333333
1986,16,sylvestris_med,1.615
1986,17,sylvestris_med,3.5949999999999998
1986,18,sylvestris_med,3.0700000000000003
1986,19,sylvestris_med,1.2
1986,20,sylvestris_med,1.4
1986,21,sylvestris_med,1.245
1986,22,sylvestris_med,3.075
1986,23,sylvestris_med,1.745
1986,24,sylvestris_med,2.645
1986,25,sylvestris_med,0.645
1986,26,sylvestris_med,2.27
1986,27,sylvestris_med,1.96
1986,28,sylvestris_med,2.215
1986,29,sylvestris_med,2.175
1986,30,sylvestris_med,2.15
1986,31,sylvestris_med,1.74
1986,32,sylvestris_med,4.494999999999999
1986,33,sylvestris_med,1.865
1986,34,sylvestris_med,2.9000000000000004
1986,35,sylvestris_med,3.09
1986,36,sylvestris_med,1.415
1986,37,sylvestris_med,2.35
1986,38,sylvestris_med,3.565
1986,39,sylvestris_med,1.255
1986,40,sylvestris_med,1.295
1986,41,sylvestris_med,2.295
1986,42,sylvestris_med,3.5549999999999997
1986,43,sylvestris_med,2.7350000000000003
1987,1,sylvestris_med,1.785
1987,2,sylvestris_med,0.9433333333333334
1987,3,sylvestris_med,1.165
1987,4,sylvestris_med,3.17
1987,5,sylvestris_med,1.485
1987,6,sylvestris_med,1.6549999999999998
1987,7,sylvestris_med,3.2
1987,8,sylvestris_med,1.6
1987,9,sylvestris_med,1.025
1987,10,sylvestris_med,0.43
1987,11,sylvestris_med,0.885
1987,12,sylvestris_med,0.8400000000000001
1987,13,sylvestris_med,0.845
1987,14,sylvestris_med,1.1800000000000002
1987,15,sylvestris_med,1.2166666666666668
1987,16,sylvestris_med,1.3199999999999998
1987,17,sylvestris_med,1.9900000000000002
1987,18,sylvestris_med,2.38
1987,19,sylvestris_med,1.47
1987,20,sylvestris_med,1.225
1987,21,sylvestris_med,0.98
1987,22,sylvestris_med,2.13
1987,23,sylvestris_med,1.425
1987,24,sylvestris_med,1.6400000000000001
1987,25,sylvestris_med,0.275
1987,26,sylvestris_med,2.4000000000000004
1987,27,sylvestris_med,2.08
1987,28,sylvestris_med,2.8899999999999997
1987,29,sylvestris_med,1.505
1987,30,sylvestris_med,1.81
1987,31,sylvestris_med,2.33
1987,32,sylvestris_med,2.75
1987,33,sylvestris_med,0.8800000000000001
1987,34,sylvestris_med,2.6500000000000004
1987,35,sylvestris_med,2.5999999999999996
1987,36,sylvestris_med,1.295
1987,37,sylvestris_med,3.2800000000000002
1987,38,sylvestris_med,2.3
1987,39,sylvestris_med,1.155
1987,40,sylvestris_med,1.16
1987,41,sylvestris_med,1.5550000000000002
1987,42,sylvestris_med,2.65
1987,43,sylvestris_med,2.16
1988,1,sylvestris_med,2.39
1988,2,sylvestris_med,0.98
1988,3,sylvestris_med,0.875
1988,4,sylvestris_med,2.765
1988,5,sylvestris_med,1.66
1988,6,sylvestris_med,1.695
1988,7,sylvestris_med,2.195
1988,8,sylvestris_med,1.7999999999999998
1988,9,sylvestris_med,1.12
1988,10,sylvestris_med,0.445
1988,11,sylvestris_med,0.585
1988,12,sylvestris_med,0.6799999999999999
1988,13,sylvestris_med,0.93
1988,14,sylvestris_med,1.2850000000000001
1988,15,sylvestris_med,1.1666666666666665
1988,16,sylvestris_med,0.965
1988,17,sylvestris_med,2.245
1988,18,sylvestris_med,2.06
1988,19,sylvestris_med,2.005
1988,20,sylvestris_med,1.245
1988,21,sylvestris_med,0.7849999999999999
1988,22,sylvestris_med,2.75
1988,23,sylvestris_med,1.58
1988,24,sylvestris_med,1.775
1988,25,sylvestris_med,0.2
1988,26,sylvestris_med,2.35
1988,27,sylvestris_med,1.445
1988,28,sylvestris_med,2.45
1988,29,sylvestris_med,3.26
1988,30,sylvestris_med,1.58
1988,31,sylvestris_med,2.04
1988,32,sylvestris_med,2.79
1988,33,sylvestris_med,0.635
1988,34,sylvestris_med,2.2199999999999998
1988,35,sylvestris_med,2.46
1988,36,sylvestris_med,1.545
1988,37,sylvestris_med,3.225
1988,38,sylvestris_med,2.5149999999999997
1988,39,sylvestris_med,0.855
1988,40,sylvestris_med,1.48
1988,41,sylvestris_med,1.695
1988,42,sylvestris_med,2.205
1988,43,sylvestris_med,2.27
1989,1,sylvestris_med,2.12
1989,2,sylvestris_med,1.14
1989,3,sylvestris_med,1.025
1989,4,sylvestris_med,3.02
1989,5,sylvestris_med,1.7650000000000001
1989,6,sylvestris_med,1.4100000000000001
1989,7,sylvestris_med,2.1999999999999997
1989,8,sylvestris_med,1.275
1989,9,sylvestris_med,0.9950000000000001
1989,10,sylvestris_med,0.37
1989,11,sylvestris_med,0.48
1989,12,sylvestris_med,0.7949999999999999
1989,13,sylvestris_med,1.175
1989,14,sylvestris_med,1.2
1989,15,sylvestris_med,1.2266666666666666
1989,16,sylvestris_med,0.96
1989,17,sylvestris_med,1.7249999999999999
1989,18,sylvestris_med,1.425
1989,19,sylvestris_med,1.6600000000000001
1989,20,sylvestris_med,1.505
1989,21,sylvestris_med,1.08
1989,22,sylvestris_med,2.46
1989,23,sylvestris_med,1.0899999999999999
1989,24,sylvestris_med,1.78
1989,25,sylvestris_med,0.43
1989,26,sylvestris_med,2.125
1989,27,sylvestris_med,1.3399999999999999
1989,28,sylvestris_med,2.16
1989,29,sylvestris_med,2.54
1989,30,sylvestris_med,1.745
1989,31,sylvestris_med,2.28
1989,32,sylvestris_med,2.5949999999999998
1989,33,sylvestris_med,0.755
1989,34,sylvestris_med,2.48
1989,35,sylvestris_med,2.255
1989,36,sylvestris_med,1.5699999999999998
1989,37,sylvestris_med,2.37
1989,38,sylvestris_med,2.355
1989,39,sylvestris_med,0.7749999999999999
1989,40,sylvestris_med,1.105
1989,41,sylvestris_med,1.6099999999999999
1989,42,sylvestris_med,2.785
1989,43,sylvestris_med,2.005
1990,1,sylvestris_med,1.885
1990,2,sylvestris_med,1.69
1990,3,sylvestris_med,1.46
1990,4,sylvestris_med,2.265
1990,5,sylvestris_med,1.88
1990,6,sylvestris_med,2.145
1990,7,sylvestris_med,2.84
1990,8,sylvestris_med,1.65
1990,9,sylvestris_med,0.875
1990,10,sylvestris_med,0.365
1990,11,sylvestris_med,0.75
1990,12,sylvestris_med,0.94
1990,13,sylvestris_med,1.58
1990,14,sylvestris_med,1.52
1990,15,sylvestris_med,1.5466666666666669
1990,16,sylvestris_med,0.725
1990,17,sylvestris_med,1.525
1990,18,sylvestris_med,1.78
1990,19,sylvestris_med,2.13
1990,20,sylvestris_med,1.6600000000000001
1990,21,sylvestris_med,1.2799999999999998
1990,22,sylvestris_med,1.88
1990,23,sylvestris_med,1.605
1990,24,sylvestris_med,1.825
1990,25,sylvestris_med,0.505
1990,26,sylvestris_med,2.665
1990,27,sylvestris_med,1.595
1990,28,sylvestris_med,3.17
1990,29,sylvestris_med,2.3449999999999998
1990,30,sylvestris_med,2.185
1990,31,sylvestris_med,2.685
1990,32,sylvestris_med,2.185
1990,33,sylvestris_med,0.595
1990,34,sylvestris_med,3.17
1990,35,sylvestris_med,2.62
1990,36,sylvestris_med,1.775
1990,37,sylvestris_med,2.9
1990,38,sylvestris_med,2.01
1990,39,sylvestris_med,1.2850000000000001
1990,40,sylvestris_med,1.0150000000000001
1990,41,sylvestris_med,1.4649999999999999
1990,42,sylvestris_med,3.435
1990,43,sylvestris_med,2.27
1991,1,sylvestris_med,2.75
1991,2,sylvestris_med,1
1991,3,sylvestris_med,1.525
1991,4,sylvestris_med,2.6550000000000002
1991,5,sylvestris_med,1.335
1991,6,sylvestris_med,2.0700000000000003
1991,7,sylvestris_med,2.805
1991,8,sylvestris_med,1.9449999999999998
1991,9,sylvestris_med,0.91
1991,10,sylvestris_med,0.37
1991,11,sylvestris_med,1.175
1991,12,sylvestris_med,0.915
1991,13,sylvestris_med,1.04
1991,14,sylvestris_med,1.98
1991,15,sylvestris_med,1.76
1991,16,sylvestris_med,0.915
1991,17,sylvestris_med,1.7349999999999999
1991,18,sylvestris_med,2.675
1991,19,sylvestris_med,1.87
1991,20,sylvestris_med,1.29
1991,21,sylvestris_med,1.54
1991,22,sylvestris_med,3.185
1991,23,sylvestris_med,1.5150000000000001
1991,24,sylvestris_med,2.02
1991,25,sylvestris_med,0.605
1991,26,sylvestris_med,1.945
1991,27,sylvestris_med,1.75
1991,28,sylvestris_med,2.16
1991,29,sylvestris_med,2.8049999999999997
1991,30,sylvestris_med,2.21
1991,31,sylvestris_med,2.23
1991,32,sylvestris_med,2.815
1991,33,sylvestris_med,0.925
1991,34,sylvestris_med,1.725
1991,35,sylvestris_med,2.08
1991,36,sylvestris_med,1.25
1991,37,sylvestris_med,2.305
1991,38,sylvestris_med,2.87
1991,39,sylvestris_med,1.0350000000000001
1991,40,sylvestris_med,0.585
1991,41,sylvestris_med,1.405
1991,42,sylvestris_med,3.59
1991,43,sylvestris_med,2.605
1992,1,sylvestris_med,1.7850000000000001
1992,2,sylvestris_med,1.17
1992,3,sylvestris_med,1.445
1992,4,sylvestris_med,1.9900000000000002
1992,5,sylvestris_med,0.835
1992,6,sylvestris_med,1.21
1992,7,sylvestris_med,2.52
1992,8,sylvestris_med,1.2850000000000001
1992,9,sylvestris_med,0.615
1992,10,sylvestris_med,0.125
1992,11,sylvestris_med,0.63
1992,12,sylvestris_med,0.605
1992,13,sylvestris_med,0.995
1992,14,sylvestris_med,0.915
1992,15,sylvestris_med,1.0966666666666667
1992,16,sylvestris_med,0.46499999999999997
1992,17,sylvestris_med,1.375
1992,18,sylvestris_med,1.6749999999999998
1992,19,sylvestris_med,1.23
1992,20,sylvestris_med,0.98
1992,21,sylvestris_med,0.9450000000000001
1992,22,sylvestris_med,2.34
1992,23,sylvestris_med,1.62
1992,24,sylvestris_med,1.675
1992,25,sylvestris_med,0.33499999999999996
1992,26,sylvestris_med,2.0149999999999997
1992,27,sylvestris_med,1.85
1992,28,sylvestris_med,1.33
1992,29,sylvestris_med,1.965
1992,30,sylvestris_med,1.79
1992,31,sylvestris_med,1.785
1992,32,sylvestris_med,2.14
1992,33,sylvestris_med,0.33
1992,34,sylvestris_med,2.375
1992,35,sylvestris_med,1.6400000000000001
1992,36,sylvestris_med,1.58
1992,37,sylvestris_med,1.54
1992,38,sylvestris_med,2.23
1992,39,sylvestris_med,0.71
1992,40,sylvestris_med,0.69
1992,41,sylvestris_med,0.98
1992,42,sylvestris_med,2.605
1992,43,sylvestris_med,1.37
1993,1,sylvestris_med,1.13
1993,2,sylvestris_med,1.22
1993,3,sylvestris_med,1.1
1993,4,sylvestris_med,2.145
1993,5,sylvestris_med,0.98
1993,6,sylvestris_med,1.25
1993,7,sylvestris_med,2.065
1993,8,sylvestris_med,1.325
1993,9,sylvestris_med,0.62
1993,10,sylvestris_med,0.155
1993,11,sylvestris_med,0.605
1993,12,sylvestris_med,0.445
1993,13,sylvestris_med,0.96
1993,14,sylvestris_med,1.03
1993,15,sylvestris_med,1.1366666666666667
1993,16,sylvestris_med,0.45499999999999996
1993,17,sylvestris_med,1.115
1993,18,sylvestris_med,1.54
1993,19,sylvestris_med,1.37
1993,20,sylvestris_med,1.495
1993,21,sylvestris_med,1.005
1993,22,sylvestris_med,2.33
1993,23,sylvestris_med,1.22
1993,24,sylvestris_med,1.4849999999999999
1993,25,sylvestris_med,0.33499999999999996
1993,26,sylvestris_med,1.5950000000000002
1993,27,sylvestris_med,1.54
1993,28,sylvestris_med,1.365
1993,29,sylvestris_med,1.325
1993,30,sylvestris_med,1.42
1993,31,sylvestris_med,1.9449999999999998
1993,32,sylvestris_med,1.35
1993,33,sylvestris_med,0.595
1993,34,sylvestris_med,2.005
1993,35,sylvestris_med,1.415
1993,36,sylvestris_med,1.4849999999999999
1993,37,sylvestris_med,1.54
1993,38,sylvestris_med,1.385
1993,39,sylvestris_med,0.7849999999999999
1993,40,sylvestris_med,0.545
1993,41,sylvestris_med,1.1400000000000001
1993,42,sylvestris_med,1.77
1993,43,sylvestris_med,1.76
1994,1,sylvestris_med,1.335
1994,2,sylvestris_med,0.7266666666666667
1994,3,sylvestris_med,1.24
1994,4,sylvestris_med,1.9700000000000002
1994,5,sylvestris_med,0.49
1994,6,sylvestris_med,1.135
1994,7,sylvestris_med,1.11
1994,8,sylvestris_med,1.245
1994,9,sylvestris_med,0.59
1994,10,sylvestris_med,0.23
1994,11,sylvestris_med,0.62
1994,12,sylvestris_med,0.44
1994,13,sylvestris_med,0.45
1994,14,sylvestris_med,0.88
1994,15,sylvestris_med,0.9466666666666667
1994,16,sylvestris_med,0.43
1994,17,sylvestris_med,0.885
1994,18,sylvestris_med,1.455
1994,19,sylvestris_med,0.77
1994,20,sylvestris_med,0.635
1994,21,sylvestris_med,0.78
1994,22,sylvestris_med,1.525
1994,23,sylvestris_med,0.6799999999999999
1994,24,sylvestris_med,1.125
1994,25,sylvestris_med,0.20500000000000002
1994,26,sylvestris_med,1.29
1994,27,sylvestris_med,0.875
1994,28,sylvestris_med,0.7
1994,29,sylvestris_med,0.79
1994,30,sylvestris_med,1.2
1994,31,sylvestris_med,0.96
1994,32,sylvestris_med,1.2999999999999998
1994,33,sylvestris_med,0.5900000000000001
1994,34,sylvestris_med,1.69
1994,35,sylvestris_med,0.87
1994,36,sylvestris_med,0.905
1994,37,sylvestris_med,0.795
1994,38,sylvestris_med,1.435
1994,39,sylvestris_med,0.7749999999999999
1994,40,sylvestris_med,0.32999999999999996
1994,41,sylvestris_med,1.21
1994,42,sylvestris_med,1.8649999999999998
1994,43,sylvestris_med,1.2999999999999998
1995,1,sylvestris_med,0.6599999999999999
1995,2,sylvestris_med,0.03
1995,3,sylvestris_med,0.7050000000000001
1995,4,sylvestris_med,1.235
1995,5,sylvestris_med,0.11
1995,6,sylvestris_med,0.745
1995,7,sylvestris_med,0.515
1995,8,sylvestris_med,0.88
1995,9,sylvestris_med,0.03
1995,10,sylvestris_med,0.08
1995,11,sylvestris_med,0.32
1995,12,sylvestris_med,0.13
1995,13,sylvestris_med,0.12
1995,14,sylvestris_med,0.5449999999999999
1995,15,sylvestris_med,0.6133333333333334
1995,16,sylvestris_med,0.03
1995,17,sylvestris_med,0.46499999999999997
1995,18,sylvestris_med,1.03
1995,19,sylvestris_med,0.45499999999999996
1995,20,sylvestris_med,0.125
1995,21,sylvestris_med,0.43
1995,22,sylvestris_med,1.35
1995,23,sylvestris_med,0.03
1995,24,sylvestris_med,0.6950000000000001
1995,25,sylvestris_med,0.21500000000000002
1995,26,sylvestris_med,0.245
1995,27,sylvestris_med,0.41000000000000003
1995,28,sylvestris_med,0.09
1995,29,sylvestris_med,0.715
1995,30,sylvestris_med,0.6799999999999999
1995,31,sylvestris_med,0.15
1995,32,sylvestris_med,0.9750000000000001
1995,33,sylvestris_med,0.235
1995,34,sylvestris_med,0.125
1995,35,sylvestris_med,0.16999999999999998
1995,36,sylvestris_med,0.14
1995,37,sylvestris_med,0.17
1995,38,sylvestris_med,0.8599999999999999
1995,39,sylvestris_med,0.315
1995,40,sylvestris_med,0.03
1995,41,sylvestris_med,0.815
1995,42,sylvestris_med,0.765
1995,43,sylvestris_med,0.875
1996,1,sylvestris_med,1.06
1996,2,sylvestris_med,0.27666666666666667
1996,3,sylvestris_med,0.8500000000000001
1996,4,sylvestris_med,2.0100000000000002
1996,5,sylvestris_med,0.7449999999999999
1996,6,sylvestris_med,0.34
1996,7,sylvestris_med,2.085
1996,8,sylvestris_med,1.45
1996,9,sylvestris_med,0.185
1996,10,sylvestris_med,0.095
1996,11,sylvestris_med,0.39
1996,12,sylvestris_med,0.24
1996,13,sylvestris_med,0.73
1996,14,sylvestris_med,0.705
1996,15,sylvestris_med,1.0666666666666667
1996,16,sylvestris_med,0.22
1996,17,sylvestris_med,0.76
1996,18,sylvestris_med,0.835
1996,19,sylvestris_med,0.89
1996,20,sylvestris_med,0.885
1996,21,sylvestris_med,0.625
1996,22,sylvestris_med,2.15
1996,23,sylvestris_med,0.595
1996,24,sylvestris_med,0.915
1996,25,sylvestris_med,0.09
1996,26,sylvestris_med,2.815
1996,27,sylvestris_med,1.6
1996,28,sylvestris_med,1.245
1996,29,sylvestris_med,0.8799999999999999
1996,30,sylvestris_med,2.215
1996,31,sylvestris_med,2.88
1996,32,sylvestris_med,1.685
1996,33,sylvestris_med,0.485
1996,34,sylvestris_med,1.37
1996,35,sylvestris_med,0.79
1996,36,sylvestris_med,0.885
1996,37,sylvestris_med,0.74
1996,38,sylvestris_med,1.265
1996,39,sylvestris_med,0.295
1996,40,sylvestris_med,0.30500000000000005
1996,41,sylvestris_med,1.085
1996,42,sylvestris_med,2.14
1996,43,sylvestris_med,0.9650000000000001
1997,1,sylvestris_med,0.835
1997,2,sylvestris_med,0.5433333333333333
1997,3,sylvestris_med,0.89
1997,4,sylvestris_med,1.7850000000000001
1997,5,sylvestris_med,0.615
1997,6,sylvestris_med,0.5900000000000001
1997,7,sylvestris_med,2.835
1997,8,sylvestris_med,1.6
1997,9,sylvestris_med,0.195
1997,10,sylvestris_med,0.165
1997,11,sylvestris_med,0.465
1997,12,sylvestris_med,1.5350000000000001
1997,13,sylvestris_med,1.4649999999999999
1997,14,sylvestris_med,0.8
1997,15,sylvestris_med,1.0233333333333334
1997,16,sylvestris_med,0.18
1997,17,sylvestris_med,0.73
1997,18,sylvestris_med,1.01
1997,19,sylvestris_med,1.5350000000000001
1997,20,sylvestris_med,1.075
1997,21,sylvestris_med,0.45999999999999996
1997,22,sylvestris_med,1.79
1997,23,sylvestris_med,1.01
1997,24,sylvestris_med,0.66
1997,25,sylvestris_med,0.6399999999999999
1997,26,sylvestris_med,2.215
1997,27,sylvestris_med,2.23
1997,28,sylvestris_med,1.625
1997,29,sylvestris_med,0.85
1997,30,sylvestris_med,1.845
1997,31,sylvestris_med,2.56
1997,32,sylvestris_med,1.33
1997,33,sylvestris_med,0.355
1997,34,sylvestris_med,1.7349999999999999
1997,35,sylvestris_med,1.32
1997,36,sylvestris_med,0.94
1997,37,sylvestris_med,0.76
1997,38,sylvestris_med,1.24
1997,39,sylvestris_med,0.295
1997,40,sylvestris_med,0.35500000000000004
1997,41,sylvestris_med,0.825
1997,42,sylvestris_med,2.31
1997,43,sylvestris_med,1
1998,1,sylvestris_med,1.075
1998,2,sylvestris_med,0.8333333333333334
1998,3,sylvestris_med,1.205
1998,4,sylvestris_med,1.725
1998,5,sylvestris_med,0.835
1998,6,sylvestris_med,0.86
1998,7,sylvestris_med,3.21
1998,8,sylvestris_med,1.615
1998,9,sylvestris_med,0.245
1998,10,sylvestris_med,0.535
1998,11,sylvestris_med,0.79
1998,12,sylvestris_med,4.015000000000001
1998,13,sylvestris_med,1.96
1998,14,sylvestris_med,0.955
1998,15,sylvestris_med,1.0166666666666666
1998,16,sylvestris_med,0.315
1998,17,sylvestris_med,1.03
1998,18,sylvestris_med,1.435
1998,19,sylvestris_med,1.47
1998,20,sylvestris_med,2.135
1998,21,sylvestris_med,0.56
1998,22,sylvestris_med,2.26
1998,23,sylvestris_med,2.14
1998,24,sylvestris_med,1.375
1998,25,sylvestris_med,0.765
1998,26,sylvestris_med,3.0300000000000002
1998,27,sylvestris_med,2.42
1998,28,sylvestris_med,1.4
1998,29,sylvestris_med,1.0150000000000001
1998,30,sylvestris_med,2.37
1998,31,sylvestris_med,2.235
1998,32,sylvestris_med,1.295
1998,33,sylvestris_med,0.445
1998,34,sylvestris_med,1.395
1998,35,sylvestris_med,1.6549999999999998
1998,36,sylvestris_med,1.345
1998,37,sylvestris_med,1.295
1998,38,sylvestris_med,1.785
1998,39,sylvestris_med,0.265
1998,40,sylvestris_med,0.505
1998,41,sylvestris_med,0.9650000000000001
1998,42,sylvestris_med,2.665
1998,43,sylvestris_med,1.25
1999,1,sylvestris_med,0.46
1999,2,sylvestris_med,0.16
1999,3,sylvestris_med,0.43
1999,4,sylvestris_med,0.365
1999,5,sylvestris_med,0.365
1999,6,sylvestris_med,0.455
1999,7,sylvestris_med,1.76
1999,8,sylvestris_med,0.935
1999,9,sylvestris_med,0.135
1999,10,sylvestris_med,0.20500000000000002
1999,11,sylvestris_med,1.24
1999,12,sylvestris_med,2.33
1999,13,sylvestris_med,1.415
1999,14,sylvestris_med,0.78
1999,15,sylvestris_med,0.5566666666666666
1999,16,sylvestris_med,0.165
1999,17,sylvestris_med,0.71
1999,18,sylvestris_med,1.22
1999,19,sylvestris_med,0.975
1999,20,sylvestris_med,0.8999999999999999
1999,21,sylvestris_med,0.26
1999,22,sylvestris_med,0.8500000000000001
1999,23,sylvestris_med,0.875
1999,24,sylvestris_med,0.595
1999,25,sylvestris_med,0.39
1999,26,sylvestris_med,1.375
1999,27,sylvestris_med,1.665
1999,28,sylvestris_med,0.42500000000000004
1999,29,sylvestris_med,0.6399999999999999
1999,30,sylvestris_med,0.8
1999,31,sylvestris_med,1.0150000000000001
1999,32,sylvestris_med,0.585
1999,33,sylvestris_med,0.15999999999999998
1999,34,sylvestris_med,0.855
1999,35,sylvestris_med,0.885
1999,36,sylvestris_med,0.64
1999,37,sylvestris_med,1.24
1999,38,sylvestris_med,0.9450000000000001
1999,39,sylvestris_med,0.125
1999,40,sylvestris_med,0.125
1999,41,sylvestris_med,0.28
1999,42,sylvestris_med,0.76
1999,43,sylvestris_med,0.575
2000,1,sylvestris_med,1.94
2000,2,sylvestris_med,1.48
2000,3,sylvestris_med,1.96
2000,4,sylvestris_med,1.735
2000,5,sylvestris_med,1.54
2000,6,sylvestris_med,1.8399999999999999
2000,7,sylvestris_med,4.725
2000,8,sylvestris_med,2.675
2000,9,sylvestris_med,0.5349999999999999
2000,10,sylvestris_med,0.885
2000,11,sylvestris_med,2.3600000000000003
2000,12,sylvestris_med,3.115
2000,13,sylvestris_med,2.5100000000000002
2000,14,sylvestris_med,1.875
2000,15,sylvestris_med,2.3766666666666665
2000,16,sylvestris_med,0.74
2000,17,sylvestris_med,1.565
2000,18,sylvestris_med,2.635
2000,19,sylvestris_med,1.955
2000,20,sylvestris_med,2.56
2000,21,sylvestris_med,1.28
2000,22,sylvestris_med,2.275
2000,23,sylvestris_med,2.02
2000,24,sylvestris_med,1.8599999999999999
2000,25,sylvestris_med,0.47
2000,26,sylvestris_med,3.1550000000000002
2000,27,sylvestris_med,2.6849999999999996
2000,28,sylvestris_med,1.725
2000,29,sylvestris_med,1.195
2000,30,sylvestris_med,2.05
2000,31,sylvestris_med,2.825
2000,32,sylvestris_med,1.81
2000,33,sylvestris_med,0.52
2000,34,sylvestris_med,3.005
2000,35,sylvestris_med,2.16
2000,36,sylvestris_med,1.7
2000,37,sylvestris_med,1.9049999999999998
2000,38,sylvestris_med,2.535
2000,39,sylvestris_med,0.885
2000,40,sylvestris_med,0.7350000000000001
2000,41,sylvestris_med,2.105
2000,42,sylvestris_med,3.1550000000000002
2000,43,sylvestris_med,2.3
2001,1,sylvestris_med,2.02
2001,2,sylvestris_med,1.5566666666666666
2001,3,sylvestris_med,1.5699999999999998
2001,4,sylvestris_med,1.4649999999999999
2001,5,sylvestris_med,1.44
2001,6,sylvestris_med,2.385
2001,7,sylvestris_med,4.6899999999999995
2001,8,sylvestris_med,2.7
2001,9,sylvestris_med,0.7150000000000001
2001,10,sylvestris_med,1.1600000000000001
2001,11,sylvestris_med,2.67
2001,12,sylvestris_med,3.89
2001,13,sylvestris_med,2.92
2001,14,sylvestris_med,1.475
2001,15,sylvestris_med,2.263333333333333
2001,16,sylvestris_med,0.855
2001,17,sylvestris_med,1.71
2001,18,sylvestris_med,2.595
2001,19,sylvestris_med,2.5599999999999996
2001,20,sylvestris_med,2.42
2001,21,sylvestris_med,1.055
2001,22,sylvestris_med,2.52
2001,23,sylvestris_med,1.9849999999999999
2001,24,sylvestris_med,1.75
2001,25,sylvestris_med,0.20500000000000002
2001,26,sylvestris_med,3.555
2001,27,sylvestris_med,2.4050000000000002
2001,28,sylvestris_med,1.955
2001,29,sylvestris_med,1.345
2001,30,sylvestris_med,2.115
2001,31,sylvestris_med,2.15
2001,32,sylvestris_med,2.1550000000000002
2001,33,sylvestris_med,0.28
2001,34,sylvestris_med,2.05
2001,35,sylvestris_med,1.98
2001,36,sylvestris_med,2.325
2001,37,sylvestris_med,2.645
2001,38,sylvestris_med,3.05
2001,39,sylvestris_med,0.905
2001,40,sylvestris_med,0.69
2001,41,sylvestris_med,1.6
2001,42,sylvestris_med,3.535
2001,43,sylvestris_med,2.21
2002,1,sylvestris_med,1.0350000000000001
2002,2,sylvestris_med,1.04
2002,3,sylvestris_med,1.3
2002,4,sylvestris_med,1.23
2002,5,sylvestris_med,1.1949999999999998
2002,6,sylvestris_med,1.585
2002,7,sylvestris_med,2.675
2002,8,sylvestris_med,1.875
2002,9,sylvestris_med,0.605
2002,10,sylvestris_med,1.0550000000000002
2002,11,sylvestris_med,1.635
2002,12,sylvestris_med,1.86
2002,13,sylvestris_med,2.0949999999999998
2002,14,sylvestris_med,0.97
2002,15,sylvestris_med,1.5333333333333332
2002,16,sylvestris_med,0.73
2002,17,sylvestris_med,1.0899999999999999
2002,18,sylvestris_med,1.81
2002,19,sylvestris_med,1.78
2002,20,sylvestris_med,1.495
2002,21,sylvestris_med,0.7
2002,22,sylvestris_med,1.655
2002,23,sylvestris_med,0.9
2002,24,sylvestris_med,1.425
2002,25,sylvestris_med,0.165
2002,26,sylvestris_med,2.235
2002,27,sylvestris_med,1.635
2002,28,sylvestris_med,1.1949999999999998
2002,29,sylvestris_med,0.935
2002,30,sylvestris_med,1.24
2002,31,sylvestris_med,1.8
2002,32,sylvestris_med,1.045
2002,33,sylvestris_med,0.175
2002,34,sylvestris_med,1.375
2002,35,sylvestris_med,1.305
2002,36,sylvestris_med,1.49
2002,37,sylvestris_med,1.775
2002,38,sylvestris_med,1.5
2002,39,sylvestris_med,0.62
2002,40,sylvestris_med,0.555
2002,41,sylvestris_med,1.095
2002,42,sylvestris_med,2.25
2002,43,sylvestris_med,1.4849999999999999
2003,1,sylvestris_med,1.475
2003,2,sylvestris_med,1.7766666666666666
2003,3,sylvestris_med,1.61
2003,4,sylvestris_med,0.985
2003,5,sylvestris_med,1.505
2003,6,sylvestris_med,2.24
2003,7,sylvestris_med,3.005
2003,8,sylvestris_med,2.2
2003,9,sylvestris_med,0.79
2003,10,sylvestris_med,1.44
2003,11,sylvestris_med,2.19
2003,12,sylvestris_med,2.65
2003,13,sylvestris_med,2.9699999999999998
2003,14,sylvestris_med,1.185
2003,15,sylvestris_med,2.1133333333333333
2003,16,sylvestris_med,1.06
2003,17,sylvestris_med,1.795
2003,18,sylvestris_med,2.295
2003,19,sylvestris_med,2.24
2003,20,sylvestris_med,1.98
2003,21,sylvestris_med,0.86
2003,22,sylvestris_med,2.185
2003,23,sylvestris_med,1.25
2003,24,sylvestris_med,1.5750000000000002
2003,25,sylvestris_med,0.265
2003,26,sylvestris_med,2.75
2003,27,sylvestris_med,1.8199999999999998
2003,28,sylvestris_med,1.7850000000000001
2003,29,sylvestris_med,1.5299999999999998
2003,30,sylvestris_med,1.045
2003,31,sylvestris_med,1.9500000000000002
2003,32,sylvestris_med,1.415
2003,33,sylvestris_med,0.41
2003,34,sylvestris_med,1.8399999999999999
2003,35,sylvestris_med,1.19
2003,36,sylvestris_med,1.25
2003,37,sylvestris_med,1.505
2003,38,sylvestris_med,1.805
2003,39,sylvestris_med,1.325
2003,40,sylvestris_med,0.67
2003,41,sylvestris_med,1.23
2003,42,sylvestris_med,2.3049999999999997
2003,43,sylvestris_med,2.2350000000000003
2004,1,sylvestris_med,1.88
2004,2,sylvestris_med,1.56
2004,3,sylvestris_med,1.495
2004,4,sylvestris_med,0.89
2004,5,sylvestris_med,1.665
2004,6,sylvestris_med,2.17
2004,7,sylvestris_med,3.035
2004,8,sylvestris_med,2.06
2004,9,sylvestris_med,0.64
2004,10,sylvestris_med,1.46
2004,11,sylvestris_med,2.315
2004,12,sylvestris_med,1.82
2004,13,sylvestris_med,3.0599999999999996
2004,14,sylvestris_med,0.8799999999999999
2004,15,sylvestris_med,2.21
2004,16,sylvestris_med,0.96
2004,17,sylvestris_med,1.6400000000000001
2004,18,sylvestris_med,2.1550000000000002
2004,19,sylvestris_med,2.3449999999999998
2004,20,sylvestris_med,1.7149999999999999
2004,21,sylvestris_med,0.8200000000000001
2004,22,sylvestris_med,2.33
2004,23,sylvestris_med,1.22
2004,24,sylvestris_med,1.5699999999999998
2004,25,sylvestris_med,0.2
2004,26,sylvestris_med,2.41
2004,27,sylvestris_med,1.7650000000000001
2004,28,sylvestris_med,1.475
2004,29,sylvestris_med,1.46
2004,30,sylvestris_med,1.41
2004,31,sylvestris_med,2.08
2004,32,sylvestris_med,1.585
2004,33,sylvestris_med,0.305
2004,34,sylvestris_med,1.945
2004,35,sylvestris_med,1.055
2004,36,sylvestris_med,1.34
2004,37,sylvestris_med,2.035
2004,38,sylvestris_med,2.1550000000000002
2004,39,sylvestris_med,1.0699999999999998
2004,40,sylvestris_med,0.36
2004,41,sylvestris_med,1.19
2004,42,sylvestris_med,2.295
2004,43,sylvestris_med,2.08
2005,1,sylvestris_med,0.575
2005,2,sylvestris_med,0.5133333333333333
2005,3,sylvestris_med,0.61
2005,4,sylvestris_med,0.62
2005,5,sylvestris_med,0.6
2005,6,sylvestris_med,1.07
2005,7,sylvestris_med,0.925
2005,8,sylvestris_med,0.845
2005,9,sylvestris_med,0.25
2005,10,sylvestris_med,0.595
2005,11,sylvestris_med,0.9099999999999999
2005,12,sylvestris_med,0.6
2005,13,sylvestris_med,1.2650000000000001
2005,14,sylvestris_med,0.42
2005,15,sylvestris_med,0.67
2005,16,sylvestris_med,0.46
2005,17,sylvestris_med,0.635
2005,18,sylvestris_med,0.855
2005,19,sylvestris_med,1.17
2005,20,sylvestris_med,0.665
2005,21,sylvestris_med,0.29500000000000004
2005,22,sylvestris_med,0.6799999999999999
2005,23,sylvestris_med,0.5549999999999999
2005,24,sylvestris_med,0.7
2005,25,sylvestris_med,0.06
2005,26,sylvestris_med,0.8300000000000001
2005,27,sylvestris_med,0.94
2005,28,sylvestris_med,0.685
2005,29,sylvestris_med,0.48000000000000004
2005,30,sylvestris_med,0.6000000000000001
2005,31,sylvestris_med,0.5700000000000001
2005,32,sylvestris_med,0.405
2005,33,sylvestris_med,0.12
2005,34,sylvestris_med,0.7749999999999999
2005,35,sylvestris_med,0.32
2005,36,sylvestris_med,0.565
2005,37,sylvestris_med,0.785
2005,38,sylvestris_med,0.78
2005,39,sylvestris_med,0.36
2005,40,sylvestris_med,0.215
2005,41,sylvestris_med,0.375
2005,42,sylvestris_med,0.665
2005,43,sylvestris_med,0.8
2006,1,sylvestris_med,0.5
2006,2,sylvestris_med,0.7466666666666667
2006,3,sylvestris_med,0.76
2006,4,sylvestris_med,0.38
2006,5,sylvestris_med,0.56
2006,6,sylvestris_med,0.935
2006,7,sylvestris_med,1.21
2006,8,sylvestris_med,1.04
2006,9,sylvestris_med,0.195
2006,10,sylvestris_med,0.44
2006,11,sylvestris_med,0.8300000000000001
2006,12,sylvestris_med,0.455
2006,13,sylvestris_med,1.2200000000000002
2006,14,sylvestris_med,0.49
2006,15,sylvestris_med,0.55
2006,16,sylvestris_med,0.4
2006,17,sylvestris_med,0.645
2006,18,sylvestris_med,1.0499999999999998
2006,19,sylvestris_med,0.825
2006,20,sylvestris_med,0.685
2006,21,sylvestris_med,0.33499999999999996
2006,22,sylvestris_med,1.055
2006,23,sylvestris_med,0.365
2006,24,sylvestris_med,0.6499999999999999
2006,25,sylvestris_med,0.095
2006,26,sylvestris_med,1.085
2006,27,sylvestris_med,0.975
2006,28,sylvestris_med,0.645
2006,29,sylvestris_med,0.49
2006,30,sylvestris_med,0.525
2006,31,sylvestris_med,0.6950000000000001
2006,32,sylvestris_med,0.67
2006,33,sylvestris_med,0.14
2006,34,sylvestris_med,1.385
2006,35,sylvestris_med,0.615
2006,36,sylvestris_med,0.59
2006,37,sylvestris_med,0.5549999999999999
2006,38,sylvestris_med,0.66
2006,39,sylvestris_med,0.255
2006,40,sylvestris_med,0.3
2006,41,sylvestris_med,0.47
2006,42,sylvestris_med,0.625
2006,43,sylvestris_med,0.87
2007,1,sylvestris_med,0.465
2007,2,sylvestris_med,0.8866666666666667
2007,3,sylvestris_med,0.65
2007,4,sylvestris_med,0.63
2007,5,sylvestris_med,0.545
2007,6,sylvestris_med,0.8999999999999999
2007,7,sylvestris_med,1.04
2007,8,sylvestris_med,1.035
2007,9,sylvestris_med,0.1
2007,10,sylvestris_med,0.37
2007,11,sylvestris_med,0.7150000000000001
2007,12,sylvestris_med,0.45499999999999996
2007,13,sylvestris_med,0.78
2007,14,sylvestris_med,0.39
2007,15,sylvestris_med,0.54
2007,16,sylvestris_med,0.375
2007,17,sylvestris_med,0.51
2007,18,sylvestris_med,0.8200000000000001
2007,19,sylvestris_med,0.335
2007,20,sylvestris_med,0.8799999999999999
2007,21,sylvestris_med,0.235
2007,22,sylvestris_med,0.71
2007,23,sylvestris_med,0.30500000000000005
2007,24,sylvestris_med,0.41
2007,25,sylvestris_med,0.06
2007,26,sylvestris_med,1.0150000000000001
2007,27,sylvestris_med,0.72
2007,28,sylvestris_med,0.5449999999999999
2007,29,sylvestris_med,0.24
2007,30,sylvestris_med,0.35
2007,31,sylvestris_med,0.78
2007,32,sylvestris_med,0.355
2007,33,sylvestris_med,0.135
2007,34,sylvestris_med,1.0150000000000001
2007,35,sylvestris_med,0.355
2007,36,sylvestris_med,0.615
2007,37,sylvestris_med,0.385
2007,38,sylvestris_med,0.5549999999999999
2007,39,sylvestris_med,0.17
2007,40,sylvestris_med,0.25
2007,41,sylvestris_med,0.56
2007,42,sylvestris_med,0.705
2007,43,sylvestris_med,0.78
2008,1,sylvestris_med,1.2000000000000002
2008,2,sylvestris_med,1.4033333333333333
2008,3,sylvestris_med,1.075
2008,4,sylvestris_med,0.97
2008,5,sylvestris_med,0.9099999999999999
2008,6,sylvestris_med,1.8900000000000001
2008,7,sylvestris_med,2.06
2008,8,sylvestris_med,1.67
2008,9,sylvestris_med,0.14
2008,10,sylvestris_med,0.33499999999999996
2008,11,sylvestris_med,1.29
2008,12,sylvestris_med,1.045
2008,13,sylvestris_med,1.51
2008,14,sylvestris_med,0.76
2008,15,sylvestris_med,1.2433333333333334
2008,16,sylvestris_med,0.725
2008,17,sylvestris_med,0.87
2008,18,sylvestris_med,1.085
2008,19,sylvestris_med,0.73
2008,20,sylvestris_med,1.28
2008,21,sylvestris_med,0.48
2008,22,sylvestris_med,1.48
2008,23,sylvestris_med,0.5800000000000001
2008,24,sylvestris_med,0.73
2008,25,sylvestris_med,0.065
2008,26,sylvestris_med,1.325
2008,27,sylvestris_med,1.48
2008,28,sylvestris_med,0.9
2008,29,sylvestris_med,0.53
2008,30,sylvestris_med,0.9650000000000001
2008,31,sylvestris_med,1.5550000000000002
2008,32,sylvestris_med,0.8899999999999999
2008,33,sylvestris_med,0.3
2008,34,sylvestris_med,1.5350000000000001
2008,35,sylvestris_med,0.76
2008,36,sylvestris_med,1.195
2008,37,sylvestris_med,0.725
2008,38,sylvestris_med,0.9650000000000001
2008,39,sylvestris_med,0.55
2008,40,sylvestris_med,0.32
2008,41,sylvestris_med,1.15
2008,42,sylvestris_med,1.655
2008,43,sylvestris_med,1.57
2009,1,sylvestris_med,1.03
2009,2,sylvestris_med,1
2009,3,sylvestris_med,0.6499999999999999
2009,4,sylvestris_med,0.93
2009,5,sylvestris_med,0.86
2009,6,sylvestris_med,1.5699999999999998
2009,7,sylvestris_med,1.755
2009,8,sylvestris_med,1.84
2009,9,sylvestris_med,0.095
2009,10,sylvestris_med,0.38
2009,11,sylvestris_med,1.49
2009,12,sylvestris_med,0.245
2009,13,sylvestris_med,1.475
2009,14,sylvestris_med,0.545
2009,15,sylvestris_med,1.0533333333333332
2009,16,sylvestris_med,0.5249999999999999
2009,17,sylvestris_med,0.63
2009,18,sylvestris_med,1.01
2009,19,sylvestris_med,0.77
2009,20,sylvestris_med,1.205
2009,21,sylvestris_med,0.45999999999999996
2009,22,sylvestris_med,1.35
2009,23,sylvestris_med,0.41000000000000003
2009,24,sylvestris_med,0.55
2009,25,sylvestris_med,0.075
2009,26,sylvestris_med,1.625
2009,27,sylvestris_med,1
2009,28,sylvestris_med,0.9450000000000001
2009,29,sylvestris_med,0.365
2009,30,sylvestris_med,0.775
2009,31,sylvestris_med,1.355
2009,32,sylvestris_med,0.765
2009,33,sylvestris_med,0.325
2009,34,sylvestris_med,1.07
2009,35,sylvestris_med,0.835
2009,36,sylvestris_med,1.125
2009,37,sylvestris_med,0.59
2009,38,sylvestris_med,1.23
2009,39,sylvestris_med,0.555
2009,40,sylvestris_med,0.175
2009,41,sylvestris_med,0.98
2009,42,sylvestris_med,1.06
2009,43,sylvestris_med,1.3
2010,1,sylvestris_med,1.07
2010,2,sylvestris_med,0.8866666666666666
2010,3,sylvestris_med,0.915
2010,4,sylvestris_med,0.72
2010,5,sylvestris_med,0.815
2010,6,sylvestris_med,1.5350000000000001
2010,7,sylvestris_med,1.725
2010,8,sylvestris_med,1.43
2010,9,sylvestris_med,0.095
2010,10,sylvestris_med,0.5800000000000001
2010,11,sylvestris_med,1.56
2010,12,sylvestris_med,0.10500000000000001
2010,13,sylvestris_med,1.52
2010,14,sylvestris_med,0.75
2010,15,sylvestris_med,1.3599999999999999
2010,16,sylvestris_med,0.45
2010,17,sylvestris_med,0.385
2010,18,sylvestris_med,1.2
2010,19,sylvestris_med,1.655
2010,20,sylvestris_med,1.155
2010,21,sylvestris_med,0.425
2010,22,sylvestris_med,0.9850000000000001
2010,23,sylvestris_med,0.6100000000000001
2010,24,sylvestris_med,0.51
2010,26,sylvestris_med,1.63
2010,27,sylvestris_med,0.95
2010,28,sylvestris_med,0.915
2010,29,sylvestris_med,0.23500000000000001
2010,30,sylvestris_med,0.62
2010,31,sylvestris_med,1.525
2010,32,sylvestris_med,0.7550000000000001
2010,33,sylvestris_med,0.45499999999999996
2010,34,sylvestris_med,0.81
2010,35,sylvestris_med,0.74
2010,36,sylvestris_med,0.9650000000000001
2010,37,sylvestris_med,0.67
2010,38,sylvestris_med,1.505
2010,39,sylvestris_med,0.38
2010,40,sylvestris_med,0.09
2010,41,sylvestris_med,0.74
2010,42,sylvestris_med,0.895
2010,43,sylvestris_med,1.7599999999999998
2011,1,sylvestris_med,1.0699999999999998
2011,2,sylvestris_med,1.0033333333333334
2011,3,sylvestris_med,0.9099999999999999
2011,4,sylvestris_med,0.81
2011,5,sylvestris_med,1.345
2011,6,sylvestris_med,2.16
2011,7,sylvestris_med,2.06
2011,8,sylvestris_med,1.58
2011,9,sylvestris_med,0.175
2011,10,sylvestris_med,0.895
2011,11,sylvestris_med,1.5699999999999998
2011,12,sylvestris_med,0.115
2011,13,sylvestris_med,1.745
2011,14,sylvestris_med,0.7649999999999999
2011,15,sylvestris_med,1.7633333333333332
2011,16,sylvestris_med,0.49
2011,17,sylvestris_med,0.36
2011,18,sylvestris_med,1.73
2011,19,sylvestris_med,2.35
2011,20,sylvestris_med,1.4849999999999999
2011,21,sylvestris_med,0.445
2011,22,sylvestris_med,1.2149999999999999
2011,23,sylvestris_med,1.165
2011,24,sylvestris_med,0.62
2011,26,sylvestris_med,1.9449999999999998
2011,27,sylvestris_med,1.145
2011,28,sylvestris_med,1.075
2011,29,sylvestris_med,0.195
2011,30,sylvestris_med,0.955
2011,31,sylvestris_med,1.57
2011,32,sylvestris_med,0.97
2011,33,sylvestris_med,0.275
2011,34,sylvestris_med,1.6800000000000002
2011,35,sylvestris_med,0.78
2011,36,sylvestris_med,1.34
2011,37,sylvestris_med,1.1800000000000002
2011,38,sylvestris_med,1.78
2011,39,sylvestris_med,0.59
2011,40,sylvestris_med,0.22999999999999998
2011,41,sylvestris_med,0.995
2011,42,sylvestris_med,1.665
2011,43,sylvestris_med,2.1550000000000002
2012,1,sylvestris_med,0.44999999999999996
2012,2,sylvestris_med,0.26
2012,3,sylvestris_med,0.385
2012,4,sylvestris_med,0.3
2012,5,sylvestris_med,0.42000000000000004
2012,6,sylvestris_med,0.785
2012,7,sylvestris_med,0.6950000000000001
2012,8,sylvestris_med,0.56
2012,9,sylvestris_med,0.07
2012,10,sylvestris_med,0.32499999999999996
2012,11,sylvestris_med,0.69
2012,12,sylvestris_med,0.12000000000000001
2012,13,sylvestris_med,0.88
2012,14,sylvestris_med,0.38
2012,15,sylvestris_med,0.5366666666666666
2012,16,sylvestris_med,0.135
2012,17,sylvestris_med,0.14
2012,18,sylvestris_med,0.89
2012,19,sylvestris_med,0.8250000000000001
2012,20,sylvestris_med,0.42500000000000004
2012,21,sylvestris_med,0.15
2012,22,sylvestris_med,0.28
2012,23,sylvestris_med,0.51
2012,24,sylvestris_med,0.24
2012,26,sylvestris_med,0.78
2012,27,sylvestris_med,0.5800000000000001
2012,28,sylvestris_med,0.41000000000000003
2012,29,sylvestris_med,0.03
2012,30,sylvestris_med,0.195
2012,31,sylvestris_med,0.5
2012,32,sylvestris_med,0.17500000000000002
2012,33,sylvestris_med,0.03
2012,34,sylvestris_med,0.91
2012,35,sylvestris_med,0.45
2012,36,sylvestris_med,0.6299999999999999
2012,37,sylvestris_med,0.525
2012,38,sylvestris_med,0.6699999999999999
2012,39,sylvestris_med,0.18
2012,40,sylvestris_med,0.11499999999999999
2012,41,sylvestris_med,0.3
2012,42,sylvestris_med,0.375
2012,43,sylvestris_med,0.53
2013,1,sylvestris_med,1.01
2013,2,sylvestris_med,1.1
2013,3,sylvestris_med,1.115
2013,4,sylvestris_med,0.71
2013,5,sylvestris_med,1.07
2013,6,sylvestris_med,1.9100000000000001
2013,7,sylvestris_med,2.37
2013,8,sylvestris_med,1.445
2013,9,sylvestris_med,0.11000000000000001
2013,10,sylvestris_med,0.6699999999999999
2013,11,sylvestris_med,1.755
2013,12,sylvestris_med,0.08
2013,13,sylvestris_med,2.41
2013,14,sylvestris_med,0.9550000000000001
2013,15,sylvestris_med,1.62
2013,16,sylvestris_med,0.34
2013,17,sylvestris_med,0.33499999999999996
2013,18,sylvestris_med,1.59
2013,19,sylvestris_med,2.3
2013,20,sylvestris_med,1.815
2013,21,sylvestris_med,0.455
2013,22,sylvestris_med,0.715
2013,23,sylvestris_med,1.44
2013,24,sylvestris_med,1.08
2013,26,sylvestris_med,2.23
2013,27,sylvestris_med,1.6600000000000001
2013,28,sylvestris_med,1.24
2013,29,sylvestris_med,0.165
2013,30,sylvestris_med,0.995
2013,31,sylvestris_med,2.02
2013,32,sylvestris_med,0.87
2013,33,sylvestris_med,0.37
2013,34,sylvestris_med,3.1900000000000004
2013,35,sylvestris_med,1.25
2013,36,sylvestris_med,1.3050000000000002
2013,37,sylvestris_med,0.735
2013,38,sylvestris_med,1.38
2013,39,sylvestris_med,0.76
2013,40,sylvestris_med,0.20500000000000002
2013,41,sylvestris_med,0.73
2013,42,sylvestris_med,1.505
2013,43,sylvestris_med,1.42
2014,1,sylvestris_med,0.85
2014,2,sylvestris_med,0.5433333333333333
2014,3,sylvestris_med,0.69
2014,4,sylvestris_med,0.61
2014,5,sylvestris_med,0.81
2014,6,sylvestris_med,1.435
2014,7,sylvestris_med,1.385
2014,8,sylvestris_med,0.99
2014,10,sylvestris_med,0.32999999999999996
2014,11,sylvestris_med,1.185
2014,12,sylvestris_med,0.11
2014,13,sylvestris_med,1.29
2014,14,sylvestris_med,0.72
2014,15,sylvestris_med,1.0566666666666666
2014,16,sylvestris_med,0.255
2014,17,sylvestris_med,0.18
2014,18,sylvestris_med,0.96
2014,19,sylvestris_med,1.185
2014,20,sylvestris_med,0.9750000000000001
2014,21,sylvestris_med,0.365
2014,22,sylvestris_med,0.48
2014,23,sylvestris_med,0.65
2014,24,sylvestris_med,0.7150000000000001
2014,26,sylvestris_med,1.17
2014,27,sylvestris_med,0.895
2014,28,sylvestris_med,0.645
2014,29,sylvestris_med,0.065
2014,30,sylvestris_med,0.545
2014,31,sylvestris_med,1.27
2014,32,sylvestris_med,0.32
2014,33,sylvestris_med,0.14500000000000002
2014,34,sylvestris_med,1.225
2014,35,sylvestris_med,0.6950000000000001
2014,36,sylvestris_med,1.01
2014,37,sylvestris_med,0.505
2014,38,sylvestris_med,1.21
2014,39,sylvestris_med,0.345
2014,40,sylvestris_med,0.21500000000000002
2014,41,sylvestris_med,0.7549999999999999
2014,42,sylvestris_med,1.035
2014,43,sylvestris_med,0.8
2015,1,sylvestris_med,0.625
2015,2,sylvestris_med,0.47000000000000003
2015,3,sylvestris_med,0.575
2015,4,sylvestris_med,0.48
2015,5,sylvestris_med,0.345
2015,6,sylvestris_med,1.01
2015,7,sylvestris_med,0.915
2015,8,sylvestris_med,0.73
2015,10,sylvestris_med,0.27
2015,11,sylvestris_med,0.635
2015,13,sylvestris_med,0.845
2015,14,sylvestris_med,0.48
2015,15,sylvestris_med,0.61
2015,16,sylvestris_med,0.255
2015,17,sylvestris_med,0.16
2015,18,sylvestris_med,0.6499999999999999
2015,19,sylvestris_med,0.735
2015,20,sylvestris_med,0.83
2015,21,sylvestris_med,0.195
2015,22,sylvestris_med,0.515
2015,23,sylvestris_med,0.24
2015,24,sylvestris_med,0.31
2015,26,sylvestris_med,0.915
2015,27,sylvestris_med,0.69
2015,28,sylvestris_med,0.475
2015,29,sylvestris_med,0.075
2015,30,sylvestris_med,0.53
2015,31,sylvestris_med,1.125
2015,32,sylvestris_med,0.29
2015,33,sylvestris_med,0.07
2015,34,sylvestris_med,0.69
2015,35,sylvestris_med,0.605
2015,36,sylvestris_med,0.585
2015,37,sylvestris_med,0.31
2015,38,sylvestris_med,0.72
2015,39,sylvestris_med,0.24
2015,40,sylvestris_med,0.19
2015,41,sylvestris_med,0.48
2015,42,sylvestris_med,0.73
2015,43,sylvestris_med,0.73
2016,1,sylvestris_med,0.505
2016,2,sylvestris_med,0.49333333333333335
2016,3,sylvestris_med,0.5800000000000001
2016,4,sylvestris_med,0.48
2016,5,sylvestris_med,0.33
2016,6,sylvestris_med,0.9450000000000001
2016,7,sylvestris_med,0.8999999999999999
2016,8,sylvestris_med,0.605
2016,10,sylvestris_med,0.25
2016,11,sylvestris_med,0.55
2016,13,sylvestris_med,0.61
2016,14,sylvestris_med,0.44499999999999995
2016,15,sylvestris_med,0.6233333333333333
2016,16,sylvestris_med,0.305
2016,17,sylvestris_med,0.135
2016,18,sylvestris_med,0.67
2016,19,sylvestris_med,0.47000000000000003
2016,20,sylvestris_med,0.435
2016,21,sylvestris_med,0.28
2016,22,sylvestris_med,0.635
2016,23,sylvestris_med,0.19
2016,24,sylvestris_med,0.41
2016,26,sylvestris_med,0.845
2016,27,sylvestris_med,0.65
2016,28,sylvestris_med,0.35
2016,29,sylvestris_med,0.05
2016,30,sylvestris_med,0.44999999999999996
2016,31,sylvestris_med,0.5900000000000001
2016,32,sylvestris_med,0.315
2016,33,sylvestris_med,0.11499999999999999
2016,34,sylvestris_med,0.355
2016,35,sylvestris_med,0.46499999999999997
2016,36,sylvestris_med,0.49
2016,37,sylvestris_med,0.18
2016,38,sylvestris_med,0.53
2016,39,sylvestris_med,0.20500000000000002
2016,40,sylvestris_med,0.155
2016,41,sylvestris_med,0.4
2016,42,sylvestris_med,0.52
2016,43,sylvestris_med,0.505
2017,1,sylvestris_med,0.71
2017,2,sylvestris_med,0.45666666666666667
2017,3,sylvestris_med,0.5900000000000001
2017,4,sylvestris_med,0.41
2017,5,sylvestris_med,0.265
2017,6,sylvestris_med,0.785
2017,7,sylvestris_med,1.2349999999999999
2017,8,sylvestris_med,0.6699999999999999
2017,10,sylvestris_med,0.16999999999999998
2017,11,sylvestris_med,0.71
2017,13,sylvestris_med,0.865
2017,14,sylvestris_med,0.33999999999999997
2017,15,sylvestris_med,0.61
2017,16,sylvestris_med,0.21000000000000002
2017,17,sylvestris_med,0.185
2017,18,sylvestris_med,0.925
2017,19,sylvestris_med,0.54
2017,20,sylvestris_med,0.5449999999999999
2017,21,sylvestris_med,0.175
2017,22,sylvestris_med,0.935
2017,23,sylvestris_med,0.195
2017,24,sylvestris_med,0.46
2017,26,sylvestris_med,0.865
2017,27,sylvestris_med,0.8300000000000001
2017,28,sylvestris_med,0.585
2017,29,sylvestris_med,0.05
2017,30,sylvestris_med,0.55
2017,31,sylvestris_med,1.045
2017,32,sylvestris_med,0.4
2017,33,sylvestris_med,0.07
2017,34,sylvestris_med,0.8
2017,35,sylvestris_med,0.645
2017,36,sylvestris_med,0.41000000000000003
2017,37,sylvestris_med,0.195
2017,38,sylvestris_med,0.92
2017,39,sylvestris_med,0.18
2017,40,sylvestris_med,0.18
2017,41,sylvestris_med,0.44999999999999996
2017,42,sylvestris_med,0.61
2017,43,sylvestris_med,0.6399999999999999
2018,1,sylvestris_med,0.9950000000000001
2018,2,sylvestris_med,0.6333333333333333
2018,3,sylvestris_med,0.71
2018,4,sylvestris_med,0.69
2018,5,sylvestris_med,0.28500000000000003
2018,6,sylvestris_med,1.545
2018,7,sylvestris_med,2.145
2018,8,sylvestris_med,0.6699999999999999
2018,10,sylvestris_med,0.31999999999999995
2018,11,sylvestris_med,1.23
2018,13,sylvestris_med,1.155
2018,14,sylvestris_med,0.44999999999999996
2018,15,sylvestris_med,0.7466666666666667
2018,16,sylvestris_med,0.19
2018,17,sylvestris_med,0.225
2018,18,sylvestris_med,0.84
2018,19,sylvestris_med,1.0050000000000001
2018,20,sylvestris_med,0.55
2018,21,sylvestris_med,0.55
2018,22,sylvestris_med,1.23
2018,23,sylvestris_med,0.42
2018,24,sylvestris_med,0.38
2018,26,sylvestris_med,1.01
2018,27,sylvestris_med,1.21
2018,28,sylvestris_med,1.15
2018,30,sylvestris_med,0.935
2018,31,sylvestris_med,1.655
2018,32,sylvestris_med,0.745
2018,34,sylvestris_med,0.83
2018,35,sylvestris_med,1.095
2018,36,sylvestris_med,0.6
2018,37,sylvestris_med,0.385
2018,38,sylvestris_med,1.68
2018,39,sylvestris_med,0.22999999999999998
2018,40,sylvestris_med,0.13
2018,41,sylvestris_med,0.765
2018,42,sylvestris_med,1.135
2018,43,sylvestris_med,1.01
